{"cameraMode":{"drawMode":0,"name":"Shaded","section":"Shading Mode"},"sceneLighting":false,"audioPlay":false,"sceneViewState":{"showFog":true,"showMaterialUpdate":true,"showSkybox":false,"showFlares":true,"showImageEffects":true,"showParticleSystems":true},"in2DMode":false,"pivot":{"x":2.961080551147461,"y":0.19498324394226075,"z":2.2538743019104006},"rotation":{"x":-0.20835232734680177,"y":-0.23444269597530366,"z":0.05151825025677681,"w":-0.9481439590454102},"size":1.285728931427002,"orthographic":false}