{"cameraMode":{"drawMode":0,"name":"Shaded","section":"Shading Mode"},"sceneLighting":true,"audioPlay":false,"sceneViewState":{"showFog":true,"showMaterialUpdate":true,"showSkybox":true,"showFlares":true,"showImageEffects":true,"showParticleSystems":true},"in2DMode":false,"pivot":{"x":0.5,"y":1.690000057220459,"z":-6.769999980926514},"rotation":{"x":-0.046494364738464358,"y":0.0080629363656044,"z":0.00015644507948309183,"w":-0.9990947246551514},"size":0.8660253882408142,"orthographic":false}