{"cameraMode":{"drawMode":0,"name":"Shaded","section":"Shading Mode"},"sceneLighting":false,"audioPlay":false,"sceneViewState":{"showFog":true,"showMaterialUpdate":true,"showSkybox":false,"showFlares":true,"showImageEffects":true,"showParticleSystems":true},"in2DMode":false,"pivot":{"x":117.0,"y":0.015317878685891629,"z":-13.500000953674317},"rotation":{"x":0.21729329228401185,"y":-0.40723758935928347,"z":0.10066689550876618,"w":0.8814520239830017},"size":4.668308258056641,"orthographic":false}