{"cameraMode":{"drawMode":0,"name":"Shaded","section":"Shading Mode"},"sceneLighting":false,"audioPlay":false,"sceneViewState":{"showFog":true,"showMaterialUpdate":true,"showSkybox":false,"showFlares":true,"showImageEffects":true,"showParticleSystems":true},"in2DMode":false,"pivot":{"x":-5.960464477539063e-8,"y":0.3464120030403137,"z":-0.008713960647583008},"rotation":{"x":0.02187332697212696,"y":0.9410906434059143,"z":0.06381124258041382,"w":-0.33156588673591616},"size":2.3154213428497316,"orthographic":false}